Hello,Hello World!
hello,Hello World!
what is the time?,"Today is Monday, 7/19/2021"
how was your day?,Was very hectic. People have too many queries that I had to answer.
how was your day?,"It was good, not too much load."
what is your name?,Gyani.
Hello,Hello World!
Hello,Hello World!
what is your name?,Gyani.
Hello,Hello World!
Hello,Hello World!
Hello,Hello World!
Hello,Hello World!
Hello,Hello World!
Hello,Hello World!
Hello,Hello World!
Hello,Hello World!
Hello,Hello World!
Hello,Hello World!
Hello,Hello World!
Hello,Hello World!
Hello,Hello World!
Hello,Hello World!
how do you look like?,I could not tell you.<br><br>You can try this from my friend Google: <a target='_blank' href='https://www.google.com/search?q=how do you look like?'>how do you look like?</a>
Hello,Hello World!
how do you look like,"<img src=""\static\milky_way.jpg"">"
Hello,Hello World!
hello,Hello World!
Hello,Hello World!
hello gyani,I don't have a response for that.<br><br>You can try this from my friend Google: <a target='_blank' href='https://www.google.com/search?q=hello gyani'>hello gyani</a>
Hello,Hello World!
Hello,Hello World!
